,Question,Response,Source,Tags,
0,"Which state, area, or territory is the reference law regarding to? The answer should be only the name of the state, area, or territory, without any explanation.",Virginia,"
############### SOURCE #1 ###############
/content/drive/MyDrive/ALP PFAS Files/RPS/Laws/VA Code § 56-585.2.pdf
energy is (i) generated in the Commonwealth or in the interconnection region of the regional transmission
entity of which the participating utility is a member, as it may change from time to time, and purchased by
a participating utility under a power purchase agreement; provided, however, that if such agreement was
executed on or after July 1, 2013, the agreement shall expressly transfer ownership of renewable attributes,
in addition to ownership of the energy, to the participating utility; (ii) generated by a public utility
providing electric service in the Commonwealth from a facility in which the public utility owns at least a 49
percent interest and that is located in the Commonwealth, in the interconnection region of the regional
transmission entity of which the participating utility is a member, or in a control area adjacent to such
interconnection region; or (iii) represented by renewable energy certificates. ""Renewable energy"" shall not

############### SOURCE #2 ###############
/content/drive/MyDrive/ALP PFAS Files/RPS/Laws/VA Code § 56-585.2.pdf
6/17/2021 § 56-585.2. Sale of electricity from renewable sources through a renewable ener gy portfolio standard program
https://web.archive.or g/web/20150919041 151/https://law .lis.vir ginia.gov/vacode/title56/chapter23/section56-585.2/ 4/42. In the same annual analysis provided to the Commission, the participating utility shall divide the
amount of the participating utility's qualified investments in the applicable period by the average price
determined pursuant to subdivision 1;
3. The number of renewable energy certificates to be issued to the participating utility shall equal the
product obtained pursuant to subdivision 2; and
4. The Commission shall review and validate the analysis provided by the participating utility within 90
days of submittal of its analysis to the Commission. If no corrections are made by the Commission, then
the analysis shall be deemed correct and the renewable energy certificates shall be deemed issued to the
participating utility.

############### SOURCE #3 ###############
/content/drive/MyDrive/ALP PFAS Files/RPS/Laws/VA Code § 56-585.2.pdf
development programs in the Commonwealth, research and development activities related to renewable or
alternative energy sources, which expense (i) is designed to enhance the participating utility's
understanding of emerging energy technologies and their potential impact on and value to the utility's
system and customers within the Commonwealth; (ii) promotes economic development within the
Commonwealth; (iii) supplements customer-driven alternative energy or energy efficiency initiatives; (iv)
supplements alternative energy and energy efficiency initiatives at state or local governmental facilities in
the Commonwealth; or (v) is designed to mitigate the environmental impacts of renewable energy projects.
""Renewable energy"" shall have the same meaning ascribed to it in § 56-576, provided such renewable
energy is (i) generated in the Commonwealth or in the interconnection region of the regional transmission

############### SOURCE #4 ###############
/content/drive/MyDrive/ALP PFAS Files/RPS/Laws/VA Code § 56-585.2.pdf
15 percent of its base year electric energy sales from renewable energy sources during calendar year 2025,
as provided in subsection D.9/19/2015

############### SOURCE #5 ###############
/content/drive/MyDrive/ALP PFAS Files/RPS/Laws/VA Code § 56-585.2.pdf
megawatt hours or renewable energy certificates originating from each fuel type;
2. The utility's overall generation of renewable energy; and
3. Advances in renewable generation technology that affect activities described in subdivisions 1 and 2.
I. The Commission shall post on its website the reports submitted by each investor-owned incumbent
electric utility pursuant to subsection H.
J. The Commission shall issue to a participating utility a number of renewable energy certificates for
qualified investments, upon request by a participating utility, if it finds that an expense satisfies the
conditions set forth in this section for a qualified investment, as follows:
1. By March 31 of each year, the participating utility shall provide an analysis, as reasonably determined by
a qualified independent broker, of the average for the preceding year of the publicly available prices for
Tier 1 renewable energy certificates and Tier 2 renewable energy certificates, validating the generation of

############### SOURCE #6 ###############
/content/drive/MyDrive/ALP PFAS Files/RPS/Laws/VA Code § 56-585.2.pdf
served at primary or transmission voltage.
F. A utility participating in such program shall apply towards meeting its RPS Goals any renewable energy
from existing renewable energy sources owned by the participating utility or purchased as allowed by
contract at no additional cost to customers to the extent feasible. A utility participating in such program
shall not apply towards meeting its RPS Goals renewable energy certificates attributable to any renewable
energy generated at a renewable energy generation source in operation as of July 1, 2007, that is operated
by a person that is served within a utility's large industrial rate class and that is served at primary or
transmission voltage, except for those persons providing renewable thermal energy equivalents to the
",['  '],
1,"What is the name of the reference law. It is name of the document representing the commitment in law. The answer should be just the name of the reference law, without any explanation.","What is the name of the reference law. It is name of the document representing the commitment in law. The answer should be just the name of the reference law, without any explanation.","
############### SOURCE #1 ###############
/content/drive/MyDrive/ALP PFAS Files/RPS/Laws/VA Code § 56-585.2.pdf
megawatt hours or renewable energy certificates originating from each fuel type;
2. The utility's overall generation of renewable energy; and
3. Advances in renewable generation technology that affect activities described in subdivisions 1 and 2.
I. The Commission shall post on its website the reports submitted by each investor-owned incumbent
electric utility pursuant to subsection H.
J. The Commission shall issue to a participating utility a number of renewable energy certificates for
qualified investments, upon request by a participating utility, if it finds that an expense satisfies the
conditions set forth in this section for a qualified investment, as follows:
1. By March 31 of each year, the participating utility shall provide an analysis, as reasonably determined by
a qualified independent broker, of the average for the preceding year of the publicly available prices for
Tier 1 renewable energy certificates and Tier 2 renewable energy certificates, validating the generation of

############### SOURCE #2 ###############
/content/drive/MyDrive/ALP PFAS Files/RPS/Laws/VA Code § 56-585.2.pdf
provisions of this section including a requirement that participants verify whether the RPS goals are met in
accordance with this section.
H. Each investor-owned incumbent electric utility shall report to the Commission annually by November 1
identifying:
1. The utility's efforts, if any, to meet the RPS Goals, specifically identifying:
a. A list of all states where the purchased or owned renewable energy was generated, specifying the
number of megawatt hours or renewable energy certificates originating from each state;
b. A list of the decades in which the purchased or owned renewable energy generating units were placed in
service, specifying the number of megawatt hours or renewable energy certificates originating from those
units; and
c. A list of fuel types used to generate the purchased or owned renewable energy, specifying the number of
megawatt hours or renewable energy certificates originating from each fuel type;
2. The utility's overall generation of renewable energy; and

############### SOURCE #3 ###############
/content/drive/MyDrive/ALP PFAS Files/RPS/Laws/VA Code § 56-585.2.pdf
6/17/2021 § 56-585.2. Sale of electricity from renewable sources through a renewable ener gy portfolio standard program
https://web.archive.or g/web/20150919041 151/https://law .lis.vir ginia.gov/vacode/title56/chapter23/section56-585.2/ 1/4Code of Virginia
Title 56. Public Service Companies
Chapter 23. Virginia Electric Utility Regulation Act
§ 56-585.2. Sale of electricity from renewable sources through a
renewable energy portfolio standard program.
A. As used in this section:
""Qualified investment"" means an expense incurred in the Commonwealth by a participating utility in
conducting, either by itself or in partnership with institutions of higher education in the Commonwealth
or with industrial or commercial customers that have established renewable energy research and
development programs in the Commonwealth, research and development activities related to renewable or
alternative energy sources, which expense (i) is designed to enhance the participating utility's

############### SOURCE #4 ###############
/content/drive/MyDrive/ALP PFAS Files/RPS/Laws/VA Code § 56-585.2.pdf
6/17/2021 § 56-585.2. Sale of electricity from renewable sources through a renewable ener gy portfolio standard program
https://web.archive.or g/web/20150919041 151/https://law .lis.vir ginia.gov/vacode/title56/chapter23/section56-585.2/ 2/4C. It is in the public interest for utilities that seek to have a renewable energy portfolio standard program
to achieve the goals set forth in subsection D, such goals being referred to herein as ""RPS Goals."" A utility
shall receive double credit toward meeting the renewable energy portfolio standard for energy derived
from sunlight, from onshore wind, or from facilities in the Commonwealth fueled primarily by animal
waste, and triple credit toward meeting the renewable energy portfolio standard for energy derived from
offshore wind.
D. Regarding any renewable energy portfolio standard program, the total electric energy sold by a utility to
meet the RPS Goals shall be composed of the following amounts of electric energy or renewable thermal

############### SOURCE #5 ###############
/content/drive/MyDrive/ALP PFAS Files/RPS/Laws/VA Code § 56-585.2.pdf
6/17/2021 § 56-585.2. Sale of electricity from renewable sources through a renewable ener gy portfolio standard program
https://web.archive.or g/web/20150919041 151/https://law .lis.vir ginia.gov/vacode/title56/chapter23/section56-585.2/ 3/4utility. A participating utility shall be required to fulfill any remaining deficit needed to fulfill its RPS Goals
from new renewable energy supplies at reasonable cost and in a prudent manner to be determined by the
Commission at the time of approval of any application made pursuant to subsection B. A participating
utility may sell renewable energy certificates produced at its own generation facilities located in the
Commonwealth or, if located outside the Commonwealth, owned by such utility and in operation as of
January 1, 2010, or renewable energy certificates acquired as part of a purchase power agreement, to
another entity and purchase lower cost renewable energy certificates and the net difference in price
",['  '],['  ']
2,"What is the legal commitment name? It is the varbatim name of the commitment in law. Answer should be just the name, without any explanation.",Sale of electricity from renewable sources through a renewable energy portfolio standard program.,"
############### SOURCE #1 ###############
/content/drive/MyDrive/ALP PFAS Files/RPS/Laws/VA Code § 56-585.2.pdf
megawatt hours or renewable energy certificates originating from each fuel type;
2. The utility's overall generation of renewable energy; and
3. Advances in renewable generation technology that affect activities described in subdivisions 1 and 2.
I. The Commission shall post on its website the reports submitted by each investor-owned incumbent
electric utility pursuant to subsection H.
J. The Commission shall issue to a participating utility a number of renewable energy certificates for
qualified investments, upon request by a participating utility, if it finds that an expense satisfies the
conditions set forth in this section for a qualified investment, as follows:
1. By March 31 of each year, the participating utility shall provide an analysis, as reasonably determined by
a qualified independent broker, of the average for the preceding year of the publicly available prices for
Tier 1 renewable energy certificates and Tier 2 renewable energy certificates, validating the generation of

############### SOURCE #2 ###############
/content/drive/MyDrive/ALP PFAS Files/RPS/Laws/VA Code § 56-585.2.pdf
energy is (i) generated in the Commonwealth or in the interconnection region of the regional transmission
entity of which the participating utility is a member, as it may change from time to time, and purchased by
a participating utility under a power purchase agreement; provided, however, that if such agreement was
executed on or after July 1, 2013, the agreement shall expressly transfer ownership of renewable attributes,
in addition to ownership of the energy, to the participating utility; (ii) generated by a public utility
providing electric service in the Commonwealth from a facility in which the public utility owns at least a 49
percent interest and that is located in the Commonwealth, in the interconnection region of the regional
transmission entity of which the participating utility is a member, or in a control area adjacent to such
interconnection region; or (iii) represented by renewable energy certificates. ""Renewable energy"" shall not

############### SOURCE #3 ###############
/content/drive/MyDrive/ALP PFAS Files/RPS/Laws/VA Code § 56-585.2.pdf
development programs in the Commonwealth, research and development activities related to renewable or
alternative energy sources, which expense (i) is designed to enhance the participating utility's
understanding of emerging energy technologies and their potential impact on and value to the utility's
system and customers within the Commonwealth; (ii) promotes economic development within the
Commonwealth; (iii) supplements customer-driven alternative energy or energy efficiency initiatives; (iv)
supplements alternative energy and energy efficiency initiatives at state or local governmental facilities in
the Commonwealth; or (v) is designed to mitigate the environmental impacts of renewable energy projects.
""Renewable energy"" shall have the same meaning ascribed to it in § 56-576, provided such renewable
energy is (i) generated in the Commonwealth or in the interconnection region of the regional transmission

############### SOURCE #4 ###############
/content/drive/MyDrive/ALP PFAS Files/RPS/Laws/VA Code § 56-585.2.pdf
6/17/2021 § 56-585.2. Sale of electricity from renewable sources through a renewable ener gy portfolio standard program
https://web.archive.or g/web/20150919041 151/https://law .lis.vir ginia.gov/vacode/title56/chapter23/section56-585.2/ 4/42. In the same annual analysis provided to the Commission, the participating utility shall divide the
amount of the participating utility's qualified investments in the applicable period by the average price
determined pursuant to subdivision 1;
3. The number of renewable energy certificates to be issued to the participating utility shall equal the
product obtained pursuant to subdivision 2; and
4. The Commission shall review and validate the analysis provided by the participating utility within 90
days of submittal of its analysis to the Commission. If no corrections are made by the Commission, then
the analysis shall be deemed correct and the renewable energy certificates shall be deemed issued to the
participating utility.

############### SOURCE #5 ###############
/content/drive/MyDrive/ALP PFAS Files/RPS/Laws/VA Code § 56-585.2.pdf
provisions of this section including a requirement that participants verify whether the RPS goals are met in
accordance with this section.
H. Each investor-owned incumbent electric utility shall report to the Commission annually by November 1
identifying:
1. The utility's efforts, if any, to meet the RPS Goals, specifically identifying:
a. A list of all states where the purchased or owned renewable energy was generated, specifying the
number of megawatt hours or renewable energy certificates originating from each state;
b. A list of the decades in which the purchased or owned renewable energy generating units were placed in
service, specifying the number of megawatt hours or renewable energy certificates originating from those
units; and
c. A list of fuel types used to generate the purchased or owned renewable energy, specifying the number of
megawatt hours or renewable energy certificates originating from each fuel type;
2. The utility's overall generation of renewable energy; and

############### SOURCE #6 ###############
/content/drive/MyDrive/ALP PFAS Files/RPS/Laws/VA Code § 56-585.2.pdf
6/17/2021 § 56-585.2. Sale of electricity from renewable sources through a renewable ener gy portfolio standard program
https://web.archive.or g/web/20150919041 151/https://law .lis.vir ginia.gov/vacode/title56/chapter23/section56-585.2/ 1/4Code of Virginia
Title 56. Public Service Companies
Chapter 23. Virginia Electric Utility Regulation Act
§ 56-585.2. Sale of electricity from renewable sources through a
renewable energy portfolio standard program.
A. As used in this section:
""Qualified investment"" means an expense incurred in the Commonwealth by a participating utility in
conducting, either by itself or in partnership with institutions of higher education in the Commonwealth
or with industrial or commercial customers that have established renewable energy research and
development programs in the Commonwealth, research and development activities related to renewable or
alternative energy sources, which expense (i) is designed to enhance the participating utility's

############### SOURCE #7 ###############
/content/drive/MyDrive/ALP PFAS Files/RPS/Laws/VA Code § 56-585.2.pdf
6/17/2021 § 56-585.2. Sale of electricity from renewable sources through a renewable ener gy portfolio standard program
https://web.archive.or g/web/20150919041 151/https://law .lis.vir ginia.gov/vacode/title56/chapter23/section56-585.2/ 2/4C. It is in the public interest for utilities that seek to have a renewable energy portfolio standard program
to achieve the goals set forth in subsection D, such goals being referred to herein as ""RPS Goals."" A utility
shall receive double credit toward meeting the renewable energy portfolio standard for energy derived
from sunlight, from onshore wind, or from facilities in the Commonwealth fueled primarily by animal
waste, and triple credit toward meeting the renewable energy portfolio standard for energy derived from
offshore wind.
D. Regarding any renewable energy portfolio standard program, the total electric energy sold by a utility to
meet the RPS Goals shall be composed of the following amounts of electric energy or renewable thermal
",['  '],
3,"List energy sources that meet the criteria of RPS. Categorize the energy sources you found into the following options: ""biogas"", ""biomass"", ""liquid biofuel"", ""res fuel cells"", fuel cells"", ""hydroelectric"", ""small falling water"", ""small hydro"", ""solar"", ""solar small"", ""ocean tidal wave thermal"", ""wind"", ""wind small"", ""geothermal geoelectric"", ""nuclear"", ""landfill gas"", ""demand reduction"", ""energy efficiency"", ""chp"", ""res chp"", ""msw"", ""anaerobic digestion"", ""coal mine methane"", ""tire derived"", ""advanced coal"", ""coal mine waste"", ""coal gasification"", ""natural gas"", ""dist generation"", ""recycled energy"", ""carbon free"", ""non ff nuclear carbon free"", ""partial carbon capture"", ""industrial cogeneration"", ""near zero carbon"", and ""new technology"".""biogas"", ""biomass"", ""liquid biofuel"", ""res fuel cells"", fuel cells"", ""hydroelectric"", ""small falling water"", ""small hydro"", ""solar"", ""solar small"", ""ocean tidal wave thermal"", ""wind"", ""wind small"", ""geothermal geoelectric"", ""nuclear"", ""landfill gas"", ""demand reduction"", ""energy efficiency"", ""chp"", ""res chp"", ""msw"", ""anaerobic digestion"", ""coal mine methane"", ""tire derived"", ""advanced coal"", ""coal mine waste"", ""coal gasification"", ""natural gas"", ""dist generation"", ""recycled energy"", ""carbon free"", ""non ff nuclear carbon free"", ""partial carbon capture"", ""industrial cogeneration"", ""near zero carbon"", and ""new technology"". The answer should only include the name of the energy sources and the option. Energy sources should be separated by bracket and newline. The energy name and its option should be separated by a colon. Do not provide any explanation.","biomass: biomass
solar: solar
wind: wind
nuclear: nuclear","
############### SOURCE #1 ###############
/content/drive/MyDrive/ALP PFAS Files/RPS/Laws/VA Code § 56-585.2.pdf
million tons per year in proportion to its share of the total electric energy sold in the base year, as defined
in subsection A, for all utilities participating in the RPS program. A utility may use in meeting RPS goals,
without limitation, the following sustainable biomass and biomass based waste to energy resources: mill
residue, except wood chips, sawdust and bark; pre-commercial soft wood thinning; slash; logging and
construction debris; brush; yard waste; shipping crates; dunnage; non-merchantable waste paper;
landscape or right-of-way tree trimmings; agricultural and vineyard materials; grain; legumes; sugar; and
gas produced from the anaerobic decomposition of animal waste.
G. The Commission shall promulgate such rules and regulations as may be necessary to implement the
provisions of this section including a requirement that participants verify whether the RPS goals are met in
accordance with this section.

############### SOURCE #2 ###############
/content/drive/MyDrive/ALP PFAS Files/RPS/Laws/VA Code § 56-585.2.pdf
served at primary or transmission voltage.
F. A utility participating in such program shall apply towards meeting its RPS Goals any renewable energy
from existing renewable energy sources owned by the participating utility or purchased as allowed by
contract at no additional cost to customers to the extent feasible. A utility participating in such program
shall not apply towards meeting its RPS Goals renewable energy certificates attributable to any renewable
energy generated at a renewable energy generation source in operation as of July 1, 2007, that is operated
by a person that is served within a utility's large industrial rate class and that is served at primary or
transmission voltage, except for those persons providing renewable thermal energy equivalents to the

############### SOURCE #3 ###############
/content/drive/MyDrive/ALP PFAS Files/RPS/Laws/VA Code § 56-585.2.pdf
meet the RPS Goals shall be composed of the following amounts of electric energy or renewable thermal
energy equivalent from renewable energy sources, as adjusted for any sales volumes lost through operation
of the customer choice provisions of subdivision A 3 or A 4 of § 56-577:
RPS Goal I: In calendar year 2010, 4 percent of total electric energy sold in the base year.
RPS Goal II: For calendar years 2011 through 2015, inclusive, an average of 4 percent of total electric
energy sold in the base year, and in calendar year 2016, 7 percent of total electric energy sold in the base
year.
RPS Goal III: For calendar years 2017 through 2021, inclusive, an average of 7 percent of total electric
energy sold in the base year, and in calendar year 2022, 12 percent of total electric energy sold in the base
year.
RPS Goal IV: For calendar years 2023 and 2024, inclusive, an average of 12 percent of total electric energy

############### SOURCE #4 ###############
/content/drive/MyDrive/ALP PFAS Files/RPS/Laws/VA Code § 56-585.2.pdf
6/17/2021 § 56-585.2. Sale of electricity from renewable sources through a renewable ener gy portfolio standard program
https://web.archive.or g/web/20150919041 151/https://law .lis.vir ginia.gov/vacode/title56/chapter23/section56-585.2/ 2/4C. It is in the public interest for utilities that seek to have a renewable energy portfolio standard program
to achieve the goals set forth in subsection D, such goals being referred to herein as ""RPS Goals."" A utility
shall receive double credit toward meeting the renewable energy portfolio standard for energy derived
from sunlight, from onshore wind, or from facilities in the Commonwealth fueled primarily by animal
waste, and triple credit toward meeting the renewable energy portfolio standard for energy derived from
offshore wind.
D. Regarding any renewable energy portfolio standard program, the total electric energy sold by a utility to
meet the RPS Goals shall be composed of the following amounts of electric energy or renewable thermal

############### SOURCE #5 ###############
/content/drive/MyDrive/ALP PFAS Files/RPS/Laws/VA Code § 56-585.2.pdf
15 percent of its base year electric energy sales from renewable energy sources during calendar year 2025,
as provided in subsection D.9/19/2015

############### SOURCE #6 ###############
/content/drive/MyDrive/ALP PFAS Files/RPS/Laws/VA Code § 56-585.2.pdf
6/17/2021 § 56-585.2. Sale of electricity from renewable sources through a renewable ener gy portfolio standard program
https://web.archive.or g/web/20150919041 151/https://law .lis.vir ginia.gov/vacode/title56/chapter23/section56-585.2/ 4/42. In the same annual analysis provided to the Commission, the participating utility shall divide the
amount of the participating utility's qualified investments in the applicable period by the average price
determined pursuant to subdivision 1;
3. The number of renewable energy certificates to be issued to the participating utility shall equal the
product obtained pursuant to subdivision 2; and
4. The Commission shall review and validate the analysis provided by the participating utility within 90
days of submittal of its analysis to the Commission. If no corrections are made by the Commission, then
the analysis shall be deemed correct and the renewable energy certificates shall be deemed issued to the
participating utility.

############### SOURCE #7 ###############
/content/drive/MyDrive/ALP PFAS Files/RPS/Laws/VA Code § 56-585.2.pdf
megawatt hours or renewable energy certificates originating from each fuel type;
2. The utility's overall generation of renewable energy; and
3. Advances in renewable generation technology that affect activities described in subdivisions 1 and 2.
I. The Commission shall post on its website the reports submitted by each investor-owned incumbent
electric utility pursuant to subsection H.
J. The Commission shall issue to a participating utility a number of renewable energy certificates for
qualified investments, upon request by a participating utility, if it finds that an expense satisfies the
conditions set forth in this section for a qualified investment, as follows:
1. By March 31 of each year, the participating utility shall provide an analysis, as reasonably determined by
a qualified independent broker, of the average for the preceding year of the publicly available prices for
Tier 1 renewable energy certificates and Tier 2 renewable energy certificates, validating the generation of

############### SOURCE #8 ###############
/content/drive/MyDrive/ALP PFAS Files/RPS/Laws/VA Code § 56-585.2.pdf
provisions of this section including a requirement that participants verify whether the RPS goals are met in
accordance with this section.
H. Each investor-owned incumbent electric utility shall report to the Commission annually by November 1
identifying:
1. The utility's efforts, if any, to meet the RPS Goals, specifically identifying:
a. A list of all states where the purchased or owned renewable energy was generated, specifying the
number of megawatt hours or renewable energy certificates originating from each state;
b. A list of the decades in which the purchased or owned renewable energy generating units were placed in
service, specifying the number of megawatt hours or renewable energy certificates originating from those
units; and
c. A list of fuel types used to generate the purchased or owned renewable energy, specifying the number of
megawatt hours or renewable energy certificates originating from each fuel type;
2. The utility's overall generation of renewable energy; and
",['  '],
4,"List energy sources that receives multifold credit (e.g. doubled, tripled) towards RPS/CES commitment if any. The answer should only include the name of the energy sources and their corresponding multiple in numerical value(e.g. double = 2). Energy sources should be separated by bracket and newline. In each energy source, the energy name and its corresponding multiple should be separated by a colon. If no energy sources receive multifold credits, give ""None"" as the response. Do not provide any explanation.","Sunlight: 2
Onshore wind: 2
Facilities in the Commonwealth fueled primarily by animal waste: 2
Offshore wind: 3","
############### SOURCE #1 ###############
/content/drive/MyDrive/ALP PFAS Files/RPS/Laws/VA Code § 56-585.2.pdf
served at primary or transmission voltage.
F. A utility participating in such program shall apply towards meeting its RPS Goals any renewable energy
from existing renewable energy sources owned by the participating utility or purchased as allowed by
contract at no additional cost to customers to the extent feasible. A utility participating in such program
shall not apply towards meeting its RPS Goals renewable energy certificates attributable to any renewable
energy generated at a renewable energy generation source in operation as of July 1, 2007, that is operated
by a person that is served within a utility's large industrial rate class and that is served at primary or
transmission voltage, except for those persons providing renewable thermal energy equivalents to the

############### SOURCE #2 ###############
/content/drive/MyDrive/ALP PFAS Files/RPS/Laws/VA Code § 56-585.2.pdf
year.
RPS Goal IV: For calendar years 2023 and 2024, inclusive, an average of 12 percent of total electric energy
sold in the base year, and in calendar year 2025, 15 percent of total electric energy sold in the base year.
A utility may not apply renewable energy certificates issued pursuant to subsection J to meet more than 20
percent of the sales requirement for the RPS Goal in any year.
A utility may apply renewable energy sales achieved or renewable energy certificates acquired during the
periods covered by any such RPS Goal that are in excess of the sales requirement for that RPS Goal to the
sales requirements for any future RPS Goals in the five calendar years after the renewable energy was
generated or the renewable energy certificates were created, except that a utility shall be able to apply
renewable energy certificates acquired by the utility prior to January 1, 2014.

############### SOURCE #3 ###############
/content/drive/MyDrive/ALP PFAS Files/RPS/Laws/VA Code § 56-585.2.pdf
6/17/2021 § 56-585.2. Sale of electricity from renewable sources through a renewable ener gy portfolio standard program
https://web.archive.or g/web/20150919041 151/https://law .lis.vir ginia.gov/vacode/title56/chapter23/section56-585.2/ 2/4C. It is in the public interest for utilities that seek to have a renewable energy portfolio standard program
to achieve the goals set forth in subsection D, such goals being referred to herein as ""RPS Goals."" A utility
shall receive double credit toward meeting the renewable energy portfolio standard for energy derived
from sunlight, from onshore wind, or from facilities in the Commonwealth fueled primarily by animal
waste, and triple credit toward meeting the renewable energy portfolio standard for energy derived from
offshore wind.
D. Regarding any renewable energy portfolio standard program, the total electric energy sold by a utility to
meet the RPS Goals shall be composed of the following amounts of electric energy or renewable thermal

############### SOURCE #4 ###############
/content/drive/MyDrive/ALP PFAS Files/RPS/Laws/VA Code § 56-585.2.pdf
provisions of this section including a requirement that participants verify whether the RPS goals are met in
accordance with this section.
H. Each investor-owned incumbent electric utility shall report to the Commission annually by November 1
identifying:
1. The utility's efforts, if any, to meet the RPS Goals, specifically identifying:
a. A list of all states where the purchased or owned renewable energy was generated, specifying the
number of megawatt hours or renewable energy certificates originating from each state;
b. A list of the decades in which the purchased or owned renewable energy generating units were placed in
service, specifying the number of megawatt hours or renewable energy certificates originating from those
units; and
c. A list of fuel types used to generate the purchased or owned renewable energy, specifying the number of
megawatt hours or renewable energy certificates originating from each fuel type;
2. The utility's overall generation of renewable energy; and

############### SOURCE #5 ###############
/content/drive/MyDrive/ALP PFAS Files/RPS/Laws/VA Code § 56-585.2.pdf
meet the RPS Goals shall be composed of the following amounts of electric energy or renewable thermal
energy equivalent from renewable energy sources, as adjusted for any sales volumes lost through operation
of the customer choice provisions of subdivision A 3 or A 4 of § 56-577:
RPS Goal I: In calendar year 2010, 4 percent of total electric energy sold in the base year.
RPS Goal II: For calendar years 2011 through 2015, inclusive, an average of 4 percent of total electric
energy sold in the base year, and in calendar year 2016, 7 percent of total electric energy sold in the base
year.
RPS Goal III: For calendar years 2017 through 2021, inclusive, an average of 7 percent of total electric
energy sold in the base year, and in calendar year 2022, 12 percent of total electric energy sold in the base
year.
RPS Goal IV: For calendar years 2023 and 2024, inclusive, an average of 12 percent of total electric energy
",['  '],