,Question,Response,Source,Tags
0,"What's the RPS/CES commitment in the policy and what's the year by which the commitment must be met? If the policy has multiple commitments at different dates, show the commitment associated with the largest date. The answer should only include the percentage and year, seperated by a colon. Do not provide with any explanation.",15:2025,"
############### SOURCE #1 ###############
/content/drive/MyDrive/ALP PFAS Files/RPS/Laws/VA Code § 56-585.2.pdf
year.
RPS Goal IV: For calendar years 2023 and 2024, inclusive, an average of 12 percent of total electric energy
sold in the base year, and in calendar year 2025, 15 percent of total electric energy sold in the base year.
A utility may not apply renewable energy certificates issued pursuant to subsection J to meet more than 20
percent of the sales requirement for the RPS Goal in any year.
A utility may apply renewable energy sales achieved or renewable energy certificates acquired during the
periods covered by any such RPS Goal that are in excess of the sales requirement for that RPS Goal to the
sales requirements for any future RPS Goals in the five calendar years after the renewable energy was
generated or the renewable energy certificates were created, except that a utility shall be able to apply
renewable energy certificates acquired by the utility prior to January 1, 2014.

############### SOURCE #2 ###############
/content/drive/MyDrive/ALP PFAS Files/RPS/Laws/VA Code § 56-585.2.pdf
6/17/2021 § 56-585.2. Sale of electricity from renewable sources through a renewable ener gy portfolio standard program
https://web.archive.or g/web/20150919041 151/https://law .lis.vir ginia.gov/vacode/title56/chapter23/section56-585.2/ 2/4C. It is in the public interest for utilities that seek to have a renewable energy portfolio standard program
to achieve the goals set forth in subsection D, such goals being referred to herein as ""RPS Goals."" A utility
shall receive double credit toward meeting the renewable energy portfolio standard for energy derived
from sunlight, from onshore wind, or from facilities in the Commonwealth fueled primarily by animal
waste, and triple credit toward meeting the renewable energy portfolio standard for energy derived from
offshore wind.
D. Regarding any renewable energy portfolio standard program, the total electric energy sold by a utility to
meet the RPS Goals shall be composed of the following amounts of electric energy or renewable thermal

############### SOURCE #3 ###############
/content/drive/MyDrive/ALP PFAS Files/RPS/Laws/VA Code § 56-585.2.pdf
meet the RPS Goals shall be composed of the following amounts of electric energy or renewable thermal
energy equivalent from renewable energy sources, as adjusted for any sales volumes lost through operation
of the customer choice provisions of subdivision A 3 or A 4 of § 56-577:
RPS Goal I: In calendar year 2010, 4 percent of total electric energy sold in the base year.
RPS Goal II: For calendar years 2011 through 2015, inclusive, an average of 4 percent of total electric
energy sold in the base year, and in calendar year 2016, 7 percent of total electric energy sold in the base
year.
RPS Goal III: For calendar years 2017 through 2021, inclusive, an average of 7 percent of total electric
energy sold in the base year, and in calendar year 2022, 12 percent of total electric energy sold in the base
year.
RPS Goal IV: For calendar years 2023 and 2024, inclusive, an average of 12 percent of total electric energy

############### SOURCE #4 ###############
/content/drive/MyDrive/ALP PFAS Files/RPS/Laws/VA Code § 56-585.2.pdf
provisions of this section including a requirement that participants verify whether the RPS goals are met in
accordance with this section.
H. Each investor-owned incumbent electric utility shall report to the Commission annually by November 1
identifying:
1. The utility's efforts, if any, to meet the RPS Goals, specifically identifying:
a. A list of all states where the purchased or owned renewable energy was generated, specifying the
number of megawatt hours or renewable energy certificates originating from each state;
b. A list of the decades in which the purchased or owned renewable energy generating units were placed in
service, specifying the number of megawatt hours or renewable energy certificates originating from those
units; and
c. A list of fuel types used to generate the purchased or owned renewable energy, specifying the number of
megawatt hours or renewable energy certificates originating from each fuel type;
2. The utility's overall generation of renewable energy; and

############### SOURCE #5 ###############
/content/drive/MyDrive/ALP PFAS Files/RPS/Laws/VA Code § 56-585.2.pdf
15 percent of its base year electric energy sales from renewable energy sources during calendar year 2025,
as provided in subsection D.9/19/2015

############### SOURCE #6 ###############
/content/drive/MyDrive/ALP PFAS Files/RPS/Laws/VA Code § 56-585.2.pdf
megawatt hours or renewable energy certificates originating from each fuel type;
2. The utility's overall generation of renewable energy; and
3. Advances in renewable generation technology that affect activities described in subdivisions 1 and 2.
I. The Commission shall post on its website the reports submitted by each investor-owned incumbent
electric utility pursuant to subsection H.
J. The Commission shall issue to a participating utility a number of renewable energy certificates for
qualified investments, upon request by a participating utility, if it finds that an expense satisfies the
conditions set forth in this section for a qualified investment, as follows:
1. By March 31 of each year, the participating utility shall provide an analysis, as reasonably determined by
a qualified independent broker, of the average for the preceding year of the publicly available prices for
Tier 1 renewable energy certificates and Tier 2 renewable energy certificates, validating the generation of

############### SOURCE #7 ###############
/content/drive/MyDrive/ALP PFAS Files/RPS/Laws/VA Code § 56-585.2.pdf
6/17/2021 § 56-585.2. Sale of electricity from renewable sources through a renewable ener gy portfolio standard program
https://web.archive.or g/web/20150919041 151/https://law .lis.vir ginia.gov/vacode/title56/chapter23/section56-585.2/ 4/42. In the same annual analysis provided to the Commission, the participating utility shall divide the
amount of the participating utility's qualified investments in the applicable period by the average price
determined pursuant to subdivision 1;
3. The number of renewable energy certificates to be issued to the participating utility shall equal the
product obtained pursuant to subdivision 2; and
4. The Commission shall review and validate the analysis provided by the participating utility within 90
days of submittal of its analysis to the Commission. If no corrections are made by the Commission, then
the analysis shall be deemed correct and the renewable energy certificates shall be deemed issued to the
participating utility.
","['We are looking for an exact numerical value, please give your best estimate based on the information presented to you']"
1,"If the policy has multiple RPS/CES commitments, list all the intermediate commitments (all commitments besides the one associated with the largest date) in a percentage with two decimal places with their corresponding year to be met. The answer should only include the percentages and years. Commitments should be seperated by bracket and newline. Percentage and year should be seperated by a colon in each commitment. Do not provide with any explanation.","4.00:2010
4.00:2011-2015
7.00:2016
7.00:2017-2021
12.00:2022
12.00:2023-2024","
############### SOURCE #1 ###############
/content/drive/MyDrive/ALP PFAS Files/RPS/Laws/VA Code § 56-585.2.pdf
year.
RPS Goal IV: For calendar years 2023 and 2024, inclusive, an average of 12 percent of total electric energy
sold in the base year, and in calendar year 2025, 15 percent of total electric energy sold in the base year.
A utility may not apply renewable energy certificates issued pursuant to subsection J to meet more than 20
percent of the sales requirement for the RPS Goal in any year.
A utility may apply renewable energy sales achieved or renewable energy certificates acquired during the
periods covered by any such RPS Goal that are in excess of the sales requirement for that RPS Goal to the
sales requirements for any future RPS Goals in the five calendar years after the renewable energy was
generated or the renewable energy certificates were created, except that a utility shall be able to apply
renewable energy certificates acquired by the utility prior to January 1, 2014.

############### SOURCE #2 ###############
/content/drive/MyDrive/ALP PFAS Files/RPS/Laws/VA Code § 56-585.2.pdf
meet the RPS Goals shall be composed of the following amounts of electric energy or renewable thermal
energy equivalent from renewable energy sources, as adjusted for any sales volumes lost through operation
of the customer choice provisions of subdivision A 3 or A 4 of § 56-577:
RPS Goal I: In calendar year 2010, 4 percent of total electric energy sold in the base year.
RPS Goal II: For calendar years 2011 through 2015, inclusive, an average of 4 percent of total electric
energy sold in the base year, and in calendar year 2016, 7 percent of total electric energy sold in the base
year.
RPS Goal III: For calendar years 2017 through 2021, inclusive, an average of 7 percent of total electric
energy sold in the base year, and in calendar year 2022, 12 percent of total electric energy sold in the base
year.
RPS Goal IV: For calendar years 2023 and 2024, inclusive, an average of 12 percent of total electric energy

############### SOURCE #3 ###############
/content/drive/MyDrive/ALP PFAS Files/RPS/Laws/VA Code § 56-585.2.pdf
provisions of this section including a requirement that participants verify whether the RPS goals are met in
accordance with this section.
H. Each investor-owned incumbent electric utility shall report to the Commission annually by November 1
identifying:
1. The utility's efforts, if any, to meet the RPS Goals, specifically identifying:
a. A list of all states where the purchased or owned renewable energy was generated, specifying the
number of megawatt hours or renewable energy certificates originating from each state;
b. A list of the decades in which the purchased or owned renewable energy generating units were placed in
service, specifying the number of megawatt hours or renewable energy certificates originating from those
units; and
c. A list of fuel types used to generate the purchased or owned renewable energy, specifying the number of
megawatt hours or renewable energy certificates originating from each fuel type;
2. The utility's overall generation of renewable energy; and

############### SOURCE #4 ###############
/content/drive/MyDrive/ALP PFAS Files/RPS/Laws/VA Code § 56-585.2.pdf
6/17/2021 § 56-585.2. Sale of electricity from renewable sources through a renewable ener gy portfolio standard program
https://web.archive.or g/web/20150919041 151/https://law .lis.vir ginia.gov/vacode/title56/chapter23/section56-585.2/ 2/4C. It is in the public interest for utilities that seek to have a renewable energy portfolio standard program
to achieve the goals set forth in subsection D, such goals being referred to herein as ""RPS Goals."" A utility
shall receive double credit toward meeting the renewable energy portfolio standard for energy derived
from sunlight, from onshore wind, or from facilities in the Commonwealth fueled primarily by animal
waste, and triple credit toward meeting the renewable energy portfolio standard for energy derived from
offshore wind.
D. Regarding any renewable energy portfolio standard program, the total electric energy sold by a utility to
meet the RPS Goals shall be composed of the following amounts of electric energy or renewable thermal

############### SOURCE #5 ###############
/content/drive/MyDrive/ALP PFAS Files/RPS/Laws/VA Code § 56-585.2.pdf
15 percent of its base year electric energy sales from renewable energy sources during calendar year 2025,
as provided in subsection D.9/19/2015
","['We are looking for an exact numerical value, please give your best estimate based on the information presented to you']"
2,What is the RPS commitment for the year the policy was introduced? The answer should be a percentage. Do not answer with any explanation.,12 percent,"
############### SOURCE #1 ###############
/content/drive/MyDrive/ALP PFAS Files/RPS/Laws/VA Code § 56-585.2.pdf
year.
RPS Goal IV: For calendar years 2023 and 2024, inclusive, an average of 12 percent of total electric energy
sold in the base year, and in calendar year 2025, 15 percent of total electric energy sold in the base year.
A utility may not apply renewable energy certificates issued pursuant to subsection J to meet more than 20
percent of the sales requirement for the RPS Goal in any year.
A utility may apply renewable energy sales achieved or renewable energy certificates acquired during the
periods covered by any such RPS Goal that are in excess of the sales requirement for that RPS Goal to the
sales requirements for any future RPS Goals in the five calendar years after the renewable energy was
generated or the renewable energy certificates were created, except that a utility shall be able to apply
renewable energy certificates acquired by the utility prior to January 1, 2014.

############### SOURCE #2 ###############
/content/drive/MyDrive/ALP PFAS Files/RPS/Laws/VA Code § 56-585.2.pdf
meet the RPS Goals shall be composed of the following amounts of electric energy or renewable thermal
energy equivalent from renewable energy sources, as adjusted for any sales volumes lost through operation
of the customer choice provisions of subdivision A 3 or A 4 of § 56-577:
RPS Goal I: In calendar year 2010, 4 percent of total electric energy sold in the base year.
RPS Goal II: For calendar years 2011 through 2015, inclusive, an average of 4 percent of total electric
energy sold in the base year, and in calendar year 2016, 7 percent of total electric energy sold in the base
year.
RPS Goal III: For calendar years 2017 through 2021, inclusive, an average of 7 percent of total electric
energy sold in the base year, and in calendar year 2022, 12 percent of total electric energy sold in the base
year.
RPS Goal IV: For calendar years 2023 and 2024, inclusive, an average of 12 percent of total electric energy

############### SOURCE #3 ###############
/content/drive/MyDrive/ALP PFAS Files/RPS/Laws/VA Code § 56-585.2.pdf
6/17/2021 § 56-585.2. Sale of electricity from renewable sources through a renewable ener gy portfolio standard program
https://web.archive.or g/web/20150919041 151/https://law .lis.vir ginia.gov/vacode/title56/chapter23/section56-585.2/ 2/4C. It is in the public interest for utilities that seek to have a renewable energy portfolio standard program
to achieve the goals set forth in subsection D, such goals being referred to herein as ""RPS Goals."" A utility
shall receive double credit toward meeting the renewable energy portfolio standard for energy derived
from sunlight, from onshore wind, or from facilities in the Commonwealth fueled primarily by animal
waste, and triple credit toward meeting the renewable energy portfolio standard for energy derived from
offshore wind.
D. Regarding any renewable energy portfolio standard program, the total electric energy sold by a utility to
meet the RPS Goals shall be composed of the following amounts of electric energy or renewable thermal

############### SOURCE #4 ###############
/content/drive/MyDrive/ALP PFAS Files/RPS/Laws/VA Code § 56-585.2.pdf
provisions of this section including a requirement that participants verify whether the RPS goals are met in
accordance with this section.
H. Each investor-owned incumbent electric utility shall report to the Commission annually by November 1
identifying:
1. The utility's efforts, if any, to meet the RPS Goals, specifically identifying:
a. A list of all states where the purchased or owned renewable energy was generated, specifying the
number of megawatt hours or renewable energy certificates originating from each state;
b. A list of the decades in which the purchased or owned renewable energy generating units were placed in
service, specifying the number of megawatt hours or renewable energy certificates originating from those
units; and
c. A list of fuel types used to generate the purchased or owned renewable energy, specifying the number of
megawatt hours or renewable energy certificates originating from each fuel type;
2. The utility's overall generation of renewable energy; and

############### SOURCE #5 ###############
/content/drive/MyDrive/ALP PFAS Files/RPS/Laws/VA Code § 56-585.2.pdf
15 percent of its base year electric energy sales from renewable energy sources during calendar year 2025,
as provided in subsection D.9/19/2015

############### SOURCE #6 ###############
/content/drive/MyDrive/ALP PFAS Files/RPS/Laws/VA Code § 56-585.2.pdf
utility, that validates a qualified investment made by the participating utility.
""Total electric energy sold in the base year"" means total electric energy sold to Virginia jurisdictional retail
customers by a participating utility in calendar year 2007, excluding an amount equivalent to the average
of the annual percentages of the electric energy that was supplied to such customers from nuclear
generating plants for the calendar years 2004 through 2006.
B. Any investor-owned incumbent electric utility may apply to the Commission for approval to participate
in a renewable energy portfolio standard program, as defined in this section. The Commission shall
approve such application if the applicant demonstrates that it has a reasonable expectation of achieving 12
percent of its base year electric energy sales from renewable energy sources during calendar year 2022, and
15 percent of its base year electric energy sales from renewable energy sources during calendar year 2025,

############### SOURCE #7 ###############
/content/drive/MyDrive/ALP PFAS Files/RPS/Laws/VA Code § 56-585.2.pdf
6/17/2021 § 56-585.2. Sale of electricity from renewable sources through a renewable ener gy portfolio standard program
https://web.archive.or g/web/20150919041 151/https://law .lis.vir ginia.gov/vacode/title56/chapter23/section56-585.2/ 4/42. In the same annual analysis provided to the Commission, the participating utility shall divide the
amount of the participating utility's qualified investments in the applicable period by the average price
determined pursuant to subdivision 1;
3. The number of renewable energy certificates to be issued to the participating utility shall equal the
product obtained pursuant to subdivision 2; and
4. The Commission shall review and validate the analysis provided by the participating utility within 90
days of submittal of its analysis to the Commission. If no corrections are made by the Commission, then
the analysis shall be deemed correct and the renewable energy certificates shall be deemed issued to the
participating utility.

############### SOURCE #8 ###############
/content/drive/MyDrive/ALP PFAS Files/RPS/Laws/VA Code § 56-585.2.pdf
megawatt hours or renewable energy certificates originating from each fuel type;
2. The utility's overall generation of renewable energy; and
3. Advances in renewable generation technology that affect activities described in subdivisions 1 and 2.
I. The Commission shall post on its website the reports submitted by each investor-owned incumbent
electric utility pursuant to subsection H.
J. The Commission shall issue to a participating utility a number of renewable energy certificates for
qualified investments, upon request by a participating utility, if it finds that an expense satisfies the
conditions set forth in this section for a qualified investment, as follows:
1. By March 31 of each year, the participating utility shall provide an analysis, as reasonably determined by
a qualified independent broker, of the average for the preceding year of the publicly available prices for
Tier 1 renewable energy certificates and Tier 2 renewable energy certificates, validating the generation of
","['We are looking for an exact numerical value, please give your best estimate based on the information presented to you']"